MERNUM,Species,Length,Peptidase unit,Active site reidues,Sequence
MER0979773,Caldanaerobacter subterraneus,427,117-423,"D146, H181, N282, S369, ",MCLSYCGSSEKGGIDVNIIPLFAFSKIAKEIYTLQKIDKRLLNKASYLRSECVPAILYSNLPYETLKSKIEKFGGSIKFELPIIKGWSVNLPCDKLKHFASIKGIHFIAEDSLVKLQLHIATQEIASRKANDLGYTGKGITIAFLDTGIYPHPDFTKPKNRIIAFYDVVNGKKQPYDDNGHGTHVAGDAAGNGYASNGKYKGVAPEANIVAVKVLDSYGRGSSSDILAGMQWVLDNKEKYNIRIVSLSIGETPALPTFLDPLVRGVDTLWKNGIVVVVAAGNSGPNYNSITSPGTSRNAITVGAVDDKRTPDIEDDEVAKFSGRGGPYLYKPDVVAPGVKIVSTASGNVPFGADEIMINKPYRSATGTSMATPMVAGAVALLLEKNPRLTNVEIKNILKNTATKINEAGLWTQGSGMINIEEALKKV
MER0175470,Carboxydibrachium pacificum,427,108-425,"D146, H181, N282, S369",MCLSYCGSSEKGGIDVNIIPLFAFSKIAKEIYTLQKIDKRLLNKASYLRSECVPAILYSNLPYETLKSKIEKFGGSIKFELPIIKGWSVNLPCDKLKHFASIKGIHFIAEDSLVKLQLHIATQEIASRKANDLGYTGKGITIAFLDTGIYPHPDFTKPKNRIIAFYDVVNGKKQPYDDNGHGTHVAGDAAGNGYASNGKYKGVAPEANIVAVKVLDSYGRGSSSDILAGMQWVLDNKEKYNIRIVSLSIGETPALPTFLDPLVRGVDTLWKNGIVVVVAAGNSGPNYNSITSPGTSRNAITVGAVDDKRTPDIEDDEVAKFSGRGGPYLYKPDVVAPGVKIVSTASGNVPFGADEIMINKPYRSATGTSMATPMVAGAVALLLEKNPRLTNVEIKNILKNTATKINEAGLWTQGSGMINIEEALKKV
MER0080735,labyrinthulid quahog parasite QPX,306,30-302,"D65, H98, N188, S253",MDVVKRIQKARPRLEVSGTHMYHVAAVAVPKPWGLNRVDQPDLPLDHTSFKTSYTGKNVTVYILDTGIWESHGDYGSRVRPGVSFVKGEDYVMDRNGHGTHCAGTAVGTRYGVAKDAQVVGIKILSAEGYGNTVDIIKGIEWAVNDARSRNTPGVLSLSLGGSADPVLDAGVDAAADAGMLVAVAAGNDNGDACKKSPARAAQVITVGATNIADHRSYFSNWGTCVNVFAPGTNIISSWIGAEGAVNMISGTSMATPLVAGVLATLLEKHDGDAEAAKMDMFTLVARDKLTDVKASSPNWLVQTAR
MER0250050,Mahella australiensis,431,87-426,"D125, H160, N260, S371",MSLWSNVLIQRKVDPDILMHMMRTDSMEQTVSVIIFAKDLANKVTEEAIYKANGRIKYKLPLIKAYAVELSYKHIKDLALLKDVIYISNDANVKCFLDIARPEVKAPQCHRAGYTGSGVTIAILDTGIYPHPDLIQPKNRIIGFKDLINGINRPYDDNGHGTHVAGDAASNGISSNGKYKGIAPGSNLVGVKVLDENGTGNVSDIVAGMQWATDNKDKYGIRVMSMSLGSNKVFAGIDPMMVAVKAVWDSGIVVVAAAGNSGPKDNTIASPGISPVIITVGAADDKGTPTIDDDIVAPFSSRGTFRRCRRVDKPDIVAPGVNITSLAADIDYCPDNIASNEHRSNDAATVGTHKKSMKVSSAKYKTMSGTSFATPIVSGAISLLLQKSPSLTPDEVKKIVLSSGNPLKGQPRNAQGNGIIDIEKMLAQVAP
MER0236099,Thermoanaerobacter brockii,412,93-410,"D131, H166, N267, S354",MNLIPMFAFSKIAKEIYVSNKIDKRLLKKALYLRSECVPVILYSHLSYDILKEKIEKMGGSIKFELPIIKAWSVNLPCDKLKNFATLKGIHFIAEDSAVKLQLYIATQEIASRNANDLGYTGKGVTIAFLDTGIYPHPDFTKPKNRIVAFHDVVNGKKQPYDDNGHGTHVAGDAAGNGYASNGKYKGVAPEANIVAVKVLDAYGRGLSSDILAGMQWILDNKDKYNIRVVSLSIGETPSLPAFLDPLVRGVDTLWRNGLVVTVAAGNSGPNYNTITSPGTSKNAITVGAVDDKRTSDISDDEIAQFSGRGSPYLYKPDIVAPGVKIVSTASENVPFGADEVTINKAYRTATGTSMATPMAAGAAALLLEKNPNLTNVQIKNILKSTAIKIDDAGLWTQGSGMINIEEALKKV
MER0969746,Thermoanaerobacter ethanolicus,412,106-408,"D131, H166, N267, S354",MNLIPMFAFSKIAKEIYVSNKIDKRLLKKALYLRSECVPVILYSHLSYDILKEKIEKMGGSIKFELPIIKAWSVNLPCDKLKNFATLKGIHFIAEDSAVKLQLYIATQEIASRNANDLGYTGKGVTIAFLDTGIYPHPDFTKPKNRIVAFHDVVNGKKQPYDDNGHGTHVAGDAAGNGYASNGKYKGVAPEANIVAVKVLDAYGRGLSSDILAGMQWILDNKDKYNIRVVSLSIGETPSLPAFLDPLVRGVDTLWRNGLVVTVAAGNSGPNYNTITSPGTSKNAITVGAVDDKRTSDISDDEIAQFSGRGSPYLYKPDIVAPGVKIVSTASENIPFGADEITINKAYRTATGTSMATPMAAGAAALLLEKNPNLTNVQIKNILKSTAIKIDDAGLWTQGSGMINIEEALKKV
MER0970547,Thermoanaerobacter ethanolicus,412,95-408,"D131, H166, N267, S354",MNLIPIFAFSKIAKEIYVTNKIDKRLLYKAMYLRSECVPVILYSHLPYEVLKKRVEKLGGSIKFELPIIKAWSVNLPCDKLKNFAALKGVHFIAEDSTVKLQLNIATQEIASRKVNDLGYTGKGVTIAFLDTGIYPHPDFTKPKNRIVAFHDVVNGKKQPYDDNGHGTHVAGDAAGNGYTSNGKYKGVAPEANIVAVKVLDAYGRGLSSDILAGMQWVLDNKDKYNIRIVSLSIGETPSLPTFLDPLVRGVDTLWRNGLIVTVAAGNSGPNYNTITSPGTSKNAITVGAVDDKRTSDISDDEIAQFSGRGSPYLYKPDVVAPGVKIISTASGNVPFGADEIMINKAYRSATGTSMATPIVAGAAALLLEKNPNLTNVQIKNILKSTAVKIDDAGLWTQGSGMINIEEALKKA
MER0198394,Thermoanaerobacter italicus,412,93-410,"D131, H166, N267, S354",MNLIPIIAFSKIAKEIYVSNKIDKRLLKKAVYLRSECVPGILYSHLPYYILKEKIEKLGGSIKFELPIIKGWSVNLPCDKLKNLAALKGVYFIAQDSTVKLQLYIATQEIASRKANDLGYSGKGVTIAFLDTGIYPHPDFTKPKNRIVAFHDVVNGKKQPYDDNGHGTHVAGDATGNGYASGGKYKGVAPEANIVAVKVLDAYGRGLSSDILAGMQWILDNKDKYNIRVVSLSIGETPSLPTFLDPLVRGVNTLWRNGLVVTVAAGNSGPNYNTITSPGNSKNVITVGAVDDKRTSDVSDDEIAQFSGRGSPYLYKPDIVAPGVKIISTASGNIPFGADEIMINKAYRTATGTSMATPMVAGAAALLLEKNPNLTNVQIKNILKATAVKIDDAGLWTQGSGMINIEEALKKA
MER0975040,Thermoanaerobacter kivui,412,94-408,"D131, H166, N267, S354",MNLIPIFVFSKIAKDIFIKNKIDKRLLNKVAYLRSECVPVILYSRLPYSILKAKIEKLGGSIKFELPIINAWSVNLPCNKLAKIASLSGIHFIAEDSTIQVQLNIATQEINSRKVNDLGYTGKGVTIAFLDTGIYPHPDFTKPKNRIVAFYDVVNGKKQPYDDNGHGTHVAGDAAGNGYASNGKYKGVAPEANIVAVKVLDAYGKGLSSDILAGMQWVLDNKDKYNIRIVSLSIGETPSLPTFLDPLVRGVDTLWKHGIVVTVAAGNSGPNYNTITSPGTSRNAITVGAVDDKRTSDISDDEIAQFSGRGSPYLYKPDIVAPGVKIISTASGNVPFGADEIMVNKAYRTATGTSMATPMAAGAAALLLEKNPNLANIQIKNILKSTAIKIGDAGLWTQGSGMINIEEALKKV
MER0212141,Thermoanaerobacter mathranii,412,93-410,"D131, H166, N267, S354",MNLIPIIAFSKIAKEIYVSNKIDKRLLKKAVYLRSECVPGILYSHLPYYILKEKIEKLGGSIKFELPIIKGWSVNLPCDKLKNLAALKGVYFIAQDSTVKLQLYIATQEIASRKANDLGYSGKGVTIAFLDTGIYPHPDFTKPKNRIVAFHDVVNGKKQPYDDNGHGTHVAGDATGNGYASGGKYKGVAPEANIVAVKVLDAYGRGLSSDILAGMQWILDNKDKYNIRVVSLSIGETPSLPTFLDPLVRGVNTLWRNGLVVTVAAGNSGPNYNTITSPGNSKNVITVGAVDDKRTSDVSDDEIAQFSGRGSPYLYKPDIVAPGVKIISTASGNIPFGADEIMINKAYRTATGTSMATPMVAGAAALLLEKNPNLTNVQIKNILKATAVKIDDAGLWTQGSGMINIEEALKKA
MER0055782,Thermoanaerobacter pseudethanolicus,412,93-410,"D131, H166, N267, S354",MNLIPMFAFSKIAKEIYVSNKIDKRLLKKALYLRSECVPVILYSHLSYDILKEKIEKMGGSIKFELPIIKAWSVNLPCDKLKNFATLKGIHFIAEDSAVKLQLYIATQEIASRNANDLGYTGKGVTIAFLDTGIYPHPDFTKPKNRIVAFHDVVNGKKQPYDDNGHGTHVAGDAAGNGYASNGKYKGVAPEANIVAVKVLDAYGRGLSSDILAGMQWILDNKDKYNIRVVSLSIGETPSLPAFLDPLVRGVDTLWRNGLVVTVAAGNSGPNYNTITSPGTSKNAITVGAVDDKRTSDISDDEIAQFSGRGSPYLYKPDIVAPGVKIVSTASENVPFGADEVTINKAYRTATGTSMATPMAAGAAALLLEKNPNLTNVQIKNILKSTAIKIDDAGLWTQGSGMINIEEALKKV
MER0409419,Thermoanaerobacter siderophilus,412,93-410,"D131, H166, N267, S354",MNLIPIFAFSKIAKEIYVTNKIDKRLLYKAMYLRSECVPVILYSHLPYEVLKKRVEKLGGSIKFELPIIKAWSVNLPCDKLKNFAALKGVHFIAEDSTVKLQLNIATQEIASRKVNDLGYTGKGVTIAFLDTGIYPHPDFTKPKNRIVAFHDVVNGKKQPYDDNGHGTHVAGDAAGNGYTSNGKYKGVAPEANIVAVKVLDAYGRGLSSDILAGMQWVLDNKDKYNIRIVSLSIGETPSLPTFLDPLVRGVDTLWRNGLVVTVAAGNSGPNYNTITSPGTSKNAITVGAVDDKRTSDISDDEIAQFSGRGSPYLYKPDVVAPGVKIISTASGNVPFGADEIMINKAYRSATGTSMATPIVAGAAALLLEKNPNLTNVQIKNILKSTAVKIDDAGLWTQGSGMINIEEALKKA
MER0224232,Thermoanaerobacter sp. X513,412,93-410,"D131, H166, N267, S354",MNLIPMFAFSKIAKEIYVSNKIDKRLLKKALYLRSECVPVILYSHLSYDILKEKIEKMGGSIKFELPIIKAWSVNLPCDKLKNFATLKGIHFIAEDSAVKLQLYIATQEIASRNANDLGYTGKGVTIAFLDTGIYPHPDFTKPKNRIVAFHDVVNGKKQPYDDNGHGTHVAGDAAGNGYASNGKYKGVAPEANIVAVKVLDAYGRGLSSDILTGMQWILDNKDKYNIRVVSLSIGETPSLPAFLDPLVRGVDTLWRNGLVVTVAAGNSGPNYNTITSPGTSKNAITVGAVDDKRTSDISDDEIAQFSGRGSPYLYKPDIVAPGVKIVSTASENIPFGADEITINKAYRTATGTSMATPMAAGAAALLLEKNPNLTNVQIKNILKSTAIKIDDAGLWTQGSGMINIEEALKKV
MER0086348,Thermoanaerobacter sp. X514,412,93-410,"D131, H166, N267, S354",MNLIPMFAFSKIAKEIYVSNKIDKRLLKKALYLRSECVPVILYSHLSYDILKEKIEKMGGSIKFELPIIKAWSVNLPCDKLKNFATLKGIHFIAEDSAVKLQLYIATQEIASRNANDLGYTGKGVTIAFLDTGIYPHPDFTKPKNRIVAFHDVVNGKKQPYDDNGHGTHVAGDAAGNGYASNGKYKGVAPEANIVAVKVLDAYGRGLSSDILTGMQWILDNKDKYNIRVVSLSIGETPSLPAFLDPLVRGVDTLWRNGLVVTVAAGNSGPNYNTITSPGTSKNAITVGAVDDKRTSDISDDEIAQFSGRGSPYLYKPDIVAPGVKIVSTASENIPFGADEITINKAYRTATGTSMATPMAAGAAALLLEKNPNLTNVQIKNILKSTAIKIDDAGLWTQGSGMINIEEALKKV
MER0409481,Thermoanaerobacter sp. X561,412,93-410,"D131, H166, N267, S354",MNLIPMFAFSKIAKEIYVSNKIDKRLLKKALYLRSECVPVILYSHLSYDILKEKIEKMGGSIKFELPIIKAWSVNLPCDKLKNFATLKGIHFIAEDSAVKLQLYIATQEIASRNANDLGYTGKGVTIAFLDTGIYPHPDFTKPKNRIVAFHDVVNGKKQPYDDNGHGTHVAGDAAGNGYASNGKYKGVAPEANIVAVKVLDAYGRGLSSDILTGMQWILDNKDKYNIRVVSLSIGETPSLPAFLDPLVRGVDTLWRNGLVVTVAAGNSGPNYNTITSPGTSKNAITVGAVDDKRTSDISDDEIAQFSGRGSPYLYKPDIVAPGVKIVSTASENIPFGADEITINKAYRTATGTSMATPMAAGAAALLLEKNPNLTNVQIKNILKSTAIKIDDAGLWTQGSGMINIEEALKKV
MER0969842,Thermoanaerobacter sp. YS13,412,102-408,"D131, H166, N267, S354",MNLIPLFAFSKIAKEIYVSNKIDKRLLKKALYLRSECVPVILYSHLPYDILKEKIEKIGGSIKFELPIIKAWSVNLPCDKLKNFATLKGIHFIAEDSAVKLQLNIATQEIASRKVNDLGYTGKGVTIAFLDTGIYLHPDFTKPKNRIVAFHDVVNGKKQPYDDNGHGTHVAGDAAGNGYASNGKYKGVAPEANIVAVKVLDAYGRGLSSDILAGMQWILDNKDKYNIRIVSLSIGETPSLPTFLDPLVRGVDTLWRNGLVVTVAAGNSGPNYNTITSPGTSKNVITVGAVDDKRTSDISDDEIAQFSGRGSPYLYKPDIVAPGVKIVSTASGNVPVGADEIMINKAYRTATGTSMATPMAAGAAALLLEKNPHLTNVQIKNILKATATKIDEAGLWTQGSGMINIEEALKKV
MER0019281,Thermoanaerobacter tengcongensis,412,93-410,"D131, H166, N267, S354",MNIIPLFAFSKIAKEIYTLQKIDKRLLSKASYLRSECVPAILYSNLPYETLKSKIEKFGGSIKFELPIIKGWSVNLPCDKLKHFASIKGIHFIAEDSLVKLQLHIATQEIASRKANDLGYTGKGITIAFLDTGIYPHPDFTKPKNRIIAFYDVVNGKKQPYDDNGHGTHVAGDAAGNGYASNGKYKGVAPEANIVAVKVLDSYGRSSSSDILAGMQWVLDNKEKYNIRIVSLSIGETPALPTFLDPLVRGVDTLWKNGIVVVVAAGNSGPNYNSITSPGTSRNAITVGAVDDKRTPDIEDDEVAKFSGRGGPYLYKPDVVAPGVKIVSTASGNVPFGADEIMINKPYRSATGTSMATPMVAGAVALLLEKNPRLTNVEIKNILKNTATKINEAGLWTQGSGMINIEEALKKV
MER0979698,Thermoanaerobacter thermohydrosulfuricus,412,95-408,"D131, H166, N267, S354",MNLIPIFAFSKIAKEIYVTNKIDKRLLYKAMYLRSECVPVILYSHLPYEVLKKRVEKLGGSIKFELPIIKAWSVNLPCDKLKNFAALKGVHFIAEDSTVKLQLNIATQEIASRKVNDLGYTGKGVTIAFLDTGIYPHPDFTKPKNRIVVFHDVVNGKKQPYDDNGHGTHVAGDAAGNGYTSNGKYKGVAPEANIVAVKVLDAYGRGLSSDILAGMQWVLDNKDKYNIRIVSLSIGETPSLPTFLDPLVRGVDTLWKNGLVVTVAAGNSGPNYNTITSPGTSKNAITVGAVDDKRTSDISDDEIAQFSGRGSPYLYKPDVVAPGVKIISTASGNVPFGADEIMINKAYRSATGTSMATPIVAGAAALLLEKNPNLTNVQIKNILKSTAVKIDDAGLWTQGSGMINIEEALKKA
MER0273700,Thermoanaerobacter wiegelii,412,93-410,"D131, H166, N267, S354",MNLIPIFAFSKIAKEIYVTNKIDKRLLYKAMYLRSECVPVILYSHLPYEVLKKRVEKLGGSIKFELPIIKAWSVNLPCDKLKNFAALKGVHFIAEDSTVKLQLNIATQEIASRKVNDLGYTGKGVTIAFLDTGIYPHPDFTKPKNRIVAFHDVVNGKKQPYDDNGHGTHVAGDAAGNGYTSNGKYKGVAPEANIVAVKVLDAYGRGLSSDILAGMQWVLDNKDKYNIRIVSLSIGETPSLPTFLDPLVRGVDTLWRNGLVVTVAAGNSGPNYNTITSPGTSKNAITVGAVDDKRTSDISDDEIAQFSGRGSPYLYKPDVVAPGVKIISTASGNVPFGADEIMINKAYRSATGTSMATPIVAGAAALLLEKNPNLTNVQIKNILKSTAVKIDDAGLWTQGSGMINIEEALKKA
MER0016688,Thermoanaerobacter yonseii,412,93-410,"D131, H166, N267, S354",MNIIPLFAFSKIAKEIYTLQKIDKRLLNKASYLRSECVPAILYSNLPYETLKSKIEKFGGSIKFEIPIIKGWSVNLPCDKLKHFASIKGIHFIAEDSLVKLQLHIATQEIASRKANDLGYTGKGITIAFLDTGIYPHPDFTKPKNRIIAFYDVVNGKKQPYDDNGHGTHVAGDAAGNGYASNGKYKGVAPEANIVAVKVLDSYGRGSSSDILAGMQWVLDNKEKYNIRIVSLSIGETPALPTFLDPLVRGVDTLWKNGIVVVVAAGNSGPNYNSITSPGTSRNAITVGAVDDKRTPDIEDDEVAKFSGRGGPYLYKPDVVAPGVKIVSTASGNVPFGADEIMINKPYRSATGTSMATPMVAGAVALLLEKNSRLTNVEIKNILKTTATKINEAGLWTQGSGMINIEEALKKV
MER0971683,Thermoanaerobacterium aotearoense,413,95-409,"D131, H166, N267, S355",MDIISALILSSVIQSLYPKSKIDSRLLRKASIYRSECVSAIVYSNLPYDALKKKIESIGGTIKYELPIINGWAVNIPCNKLNIIAKNKGIKFIAEDSTVKTQLNIATQEIKSREANDHGYTGKGVTIAFLDTGIYPHPDFTKPKNRIIAFHDIVNGKKSPYDDNGHGTHVAGDAASSGYLSDGKYKGVAPEANIVSVKVLDSRGSGSTSDILSGMQWILDNKDKYNIRIVSLSIGETPSLPPFLDPLVKGVDRLWRSGLVVVVAAGNSGPSMNSITSPGNSMNVITVGAVDDKRTVDTSDDEIANFSGRGSAFLPKPDVVAPGVKIVSAASGNVPIGTDDNILLNKSYRTASGTSMATPIVAGAAALLLEKNPSLTNYQIKNILKSTTTNVDHYRYYSQGYGMINVEMALKKV
MER0972975,Thermoanaerobacterium saccharolyticum,413,95-409,"D131, H166, N267, S355",MDIISALILSSVIQSLYPKSKIDSRLLRKASIYRSECVSAIVYSNLPYDALKKKIESIGGTIKYELPIINGWAVNIPCNKLNIIAKNKGIKFIAEDSTVKTQLNIATQEIKSREANDHGYTGKGVTIAFLDTGIYPHPDFTKPKNRIIAFHDIVNGKKSPYDDNGHGTHVAGDAASSGYLSDGKYKGVAPEANIVSVKVLDSRGSGSTSDILSGMQWILDNKDKYNIRIVSLSIGETPSLPPFLDPLVKGVDRLWRSGLVVVVAAGNSGPSMNSITSPGNSMNVITVGAVDDKRTVDTSDDEIANFSGRGSAFLPKPDVVAPGVKIVSAASGNVPIGTDDNILLNKSYRTASGTSMATPIVAGAAALLLEKNPSLTNYQIKNILKSTTTNVDHYRYYSQGYGMINVEMALKKV
MER0223004,Thermoanaerobacterium thermosaccharolyticum,413,93-411,"D131, H166, N267, S355",MDIVSALILSGAIKNLYPKSKIDSRLLKKSTIYRNECVSAIVYSNLPYETLKKKIETIGGTIKYELPIVNGWAVNIPCNKLSNVASNRGIKFIAEDSTVKMQLNIATQEIKSREVNEQGYTGKGITIAFLDTGIYPHADFTKPKNRIIAFHDIVNGKKNPYDDNGHGTHVAGDAAGSGYMSSGKYKGVAPEANIVSVKVLDSRGSGSTSDILTGMQWILDNKDKYKIRIVSLSIGETPSLPPFLDPLVKGVDKLWRNGIVVVVAAGNSGPALNSITSPGNSMNVITVGAVDDKRTVDVSDDEIANFSGRGSAFLLKPDIVAPGVKIVSTASGNVPLGTDDSILLNKPYRTASGTSMATPIVAGAAALLIEKNPSLTNNQIKNILKSTSTNIDHYRYYSQGYGMINVEMALKKV
MER0248074,Thermoanaerobacterium xylanolyticum,413,93-411,"D131, H166, N267, S355",MDIISALILSSVIQSLYPKSKIDSRLLRKASTYRSECVSAIVYSNLPYDALKKKIESIGGTIKYELPIINGWAVNIPCNKLNSIAKNKGIKFIAEDSTVKTQLNIATQEIKSREANDHGYTGKGVTIAFLDTGIYPHPDFTKPKNRIIAFHDIVNGKKSPYDDNGHGTHVAGDAASSGYLSDGKYKGVAPEANIVSIKVLDSRGSGSTSDILTGMQWILDNRDKYNIRIVSLSIGETPSLPPFLDPLVKGVDKLWRSGLVVVVAAGNSGPSINSVTSPGNSMNVITVGAVDDKRTVDTSDDEIANFSGRGSAFLPKPDVVAPGVKIVSTASGNVPLGTDDNILLNKSYRTASGTSMATPIVAGAAALLLEKNPSLTNYQVKNILKSTTTNVDHYRYYSQGYGMINIEMALKKV
